simulation_id,flip_sequence,num_heads,num_tails,binomial_probability_of_heads,sequence_frequency
1,THTHHTTHTH,5,5,0.24609375,3
2,HTHHTTTHTH,5,5,0.24609375,2
3,HTHHTTTHTH,5,5,0.24609375,2
4,THTHTHTHHT,5,5,0.24609375,20
5,THTTHHHTTH,5,5,0.24609375,1
6,HHTTHTHHTT,5,5,0.24609375,1
7,THTHHTTHHT,5,5,0.24609375,1
8,HTTHTHTHTH,5,5,0.24609375,4
9,HTTHTTHTHT,4,6,0.2050781249999999,1
10,THTHTHTHHT,5,5,0.24609375,20
11,HHTTHTTHHT,5,5,0.24609375,2
12,HTTHTHTHTH,5,5,0.24609375,4
13,HHTTHTTHTH,5,5,0.24609375,1
14,THTHHTHTHH,6,4,0.2050781249999999,1
15,HTTHTHTHHT,5,5,0.24609375,1
16,TTHHTTHHTH,5,5,0.24609375,1
17,HTTHTHTHTH,5,5,0.24609375,4
18,TTHTHTHHHT,5,5,0.24609375,1
19,HTHTHTHTTH,5,5,0.24609375,1
20,THTHTHTHHT,5,5,0.24609375,20
21,TTHHTTHTTH,4,6,0.2050781249999999,4
22,HTHTTTHHHT,5,5,0.24609375,2
23,TTHTHHTHHT,5,5,0.24609375,1
24,HTHTTHHTTH,5,5,0.24609375,2
25,HTTHTHHTTH,5,5,0.24609375,2
26,TTHTHHHTHT,5,5,0.24609375,1
27,THTHHTTTHT,4,6,0.2050781249999999,1
28,TTHHTTHTTH,4,6,0.2050781249999999,4
29,THTTHHHTHT,5,5,0.24609375,1
30,HTTHTHTTHH,5,5,0.24609375,1
31,THTHHTTHTH,5,5,0.24609375,3
32,TTHTHHTTHT,4,6,0.2050781249999999,2
33,THTHTHTHHT,5,5,0.24609375,20
34,TTHHTHTTHT,4,6,0.2050781249999999,1
35,HTTHTHTHTH,5,5,0.24609375,4
36,THHTTHHTTH,5,5,0.24609375,1
37,THHTTHTHHT,5,5,0.24609375,2
38,THTHHTTHTH,5,5,0.24609375,3
39,HTHTHTHTHT,5,5,0.24609375,1
40,THTHTHTTHT,4,6,0.2050781249999999,1
41,THTHTHTHHT,5,5,0.24609375,20
42,THTHTHTTHH,5,5,0.24609375,1
43,HHTTTHTTHT,4,6,0.2050781249999999,2
44,THTHTHTHHT,5,5,0.24609375,20
45,THTHTHTHHT,5,5,0.24609375,20
46,THTHTHTHHT,5,5,0.24609375,20
47,THTHTHTHHT,5,5,0.24609375,20
48,THHTHHHTHT,6,4,0.2050781249999999,1
49,HHTTTHTHHT,5,5,0.24609375,1
50,THTHTHTHHT,5,5,0.24609375,20
51,HTTHTHHTHT,5,5,0.24609375,2
52,THTHTHHHTT,5,5,0.24609375,1
53,THTHHHTTHT,5,5,0.24609375,1
54,THHTTTHHHT,5,5,0.24609375,1
55,THTHTHTHHT,5,5,0.24609375,20
56,THHTHTTHTH,5,5,0.24609375,2
57,THTHTHTHHT,5,5,0.24609375,20
58,HTTHTHHTTH,5,5,0.24609375,2
59,THTHTHTHHT,5,5,0.24609375,20
60,HTHTTHHTTH,5,5,0.24609375,2
61,HHTTTHTHTH,5,5,0.24609375,1
62,THTHTHTHHT,5,5,0.24609375,20
63,HTHTTHTTTH,4,6,0.2050781249999999,1
64,TTHHTHTTHH,5,5,0.24609375,2
65,HHTTHTTHHT,5,5,0.24609375,2
66,TTHHTTHTTH,4,6,0.2050781249999999,4
67,THHTHTTHTH,5,5,0.24609375,2
68,THTTHHTHTH,5,5,0.24609375,3
69,TTHTHHTHTT,4,6,0.2050781249999999,1
70,THTHTHTHHT,5,5,0.24609375,20
71,HHTTTHTTHT,4,6,0.2050781249999999,2
72,HTHTHTHTHH,6,4,0.2050781249999999,1
73,THTHTHTHHT,5,5,0.24609375,20
74,THTHTHTHHT,5,5,0.24609375,20
75,HTHTTTHHHT,5,5,0.24609375,2
76,THTTHHTHTH,5,5,0.24609375,3
77,THTTHHTTHH,5,5,0.24609375,2
78,THHTTHTHHT,5,5,0.24609375,2
79,HTHTHTHHTT,5,5,0.24609375,1
80,THTHTTHTHT,4,6,0.2050781249999999,1
81,THTHTHTHHT,5,5,0.24609375,20
82,TTHHTTHTTH,4,6,0.2050781249999999,4
83,TTHHHTTHTH,5,5,0.24609375,1
84,HTTHTHHTHT,5,5,0.24609375,2
85,THTHTHTHHT,5,5,0.24609375,20
86,HTTHTTHHHT,5,5,0.24609375,1
87,HHTTHTTHTT,4,6,0.2050781249999999,1
88,THHTTHTHTH,5,5,0.24609375,1
89,THTTHHTTHH,5,5,0.24609375,2
90,TTHTHHTTHT,4,6,0.2050781249999999,2
91,HTTTHHTTHT,4,6,0.2050781249999999,1
92,TTHHTHHTTH,5,5,0.24609375,1
93,THTTHTHHHT,5,5,0.24609375,1
94,THHTTHHTHH,6,4,0.2050781249999999,1
95,TTHHTHTTHH,5,5,0.24609375,2
96,HHTTTTHTTH,4,6,0.2050781249999999,1
97,TTHHTTHTHT,4,6,0.2050781249999999,2
98,TTHHTTHTHT,4,6,0.2050781249999999,2
99,THTTHHTHTH,5,5,0.24609375,3
100,THTHTHTHHT,5,5,0.24609375,20
